id,name,state,date
1,Andrew Reynolds,FL,2020-04-17
2,Sara Johnston,FL,2020-04-28
3,Kathryn Snyder,TX,2020-05-04
4,Michael Lyons,NJ,2020-05-05
5,Barbara Dudley,PA,2020-05-05
6,Kristen Davis,TN,2020-05-05
7,Cynthia Moore,SC,2020-05-05
8,Susan Murray MD,TX,2020-05-05
9,Kathleen Moran,VA,2020-05-05
10,Denise Davenport,AL,2020-05-05
11,Desiree Tyler,IL,2020-05-05
12,Yvonne Burns,MA,2020-05-05
13,Tanya Kim,PA,2020-05-05
14,Joshua Reed,OH,2020-05-05
15,Kimberly Gibson,CT,2020-05-05
16,Cynthia Rowe,AZ,2020-05-05
17,Katie Suarez,NV,2020-05-05
18,Veronica Simpson,NY,2020-05-05
19,Diane Evans,VA,2020-05-05
20,Andrew Avila,OH,2020-05-05
21,Timothy Romero,IN,2020-05-05
22,Donna Landry,FL,2020-05-05
23,Kevin Walters,CA,2020-05-05
24,Matthew Moon,CA,2020-05-05
25,Shannon Rivera,FL,2020-05-05
26,Brandon Bailey MD,FL,2020-05-05
27,Krista Gibson,GA,2020-05-05
28,Michael Lyons,NJ,2020-05-05
29,Jose Travis,MD,2020-05-05
30,Kimberly Gutierrez,MI,2020-05-05
31,Isaiah Avila,NC,2020-05-05
32,Olivia Harris,NY,2020-05-05
33,Frank Cordova,LA,2020-05-05
34,Cynthia Moore,GA,2020-05-06
35,Katie Suarez,CA,2020-05-11
36,Katie Suarez,CA,2020-05-11
37,Andrew Avila,NY,2020-05-12
38,Yvonne Chambers,KS,2020-05-17
39,Yvonne Chambers,KS,2020-05-18
40,Kristen Davis,AL,2020-05-18
41,Yvonne Chambers,MO,2020-05-20
42,Shannon Rivera,FL,2020-05-20
43,David Davis,MI,2020-05-20
44,Mrs. Kristen Reyes,NE,2020-05-20
45,Kristen Davis,TN,2020-05-24
46,Denise Davenport,MN,2020-05-24
47,Cynthia Moore,GA,2020-05-25
48,Mrs. Kristen Reyes,SD,2020-05-25
49,Brandon Bailey MD,FL,2020-05-27
50,Patrick Thornton,TX,2020-05-27
51,Kevin Walters,WA,2020-05-27
52,David Davis,IN,2020-05-27
53,Desiree Tyler,NY,2020-06-03
54,Matthew Moon,CA,2020-06-04
55,David Davis,MN,2020-06-04
56,Denise Davenport,TN,2020-06-05
57,Joyce Bowen,SC,2020-06-05
58,Susan Murray MD,TX,2020-06-05
59,Andrew Reynolds,FL,2020-06-07
60,Shannon Rivera,FL,2020-06-10
61,Yvonne Chambers,MO,2020-06-10
62,Shelly Alexander,NY,2020-06-10
63,Colin Terry,CA,2020-06-10
64,Frank Cordova,LA,2020-06-11
65,Kimberly Gutierrez,MI,2020-06-11
66,Jasmin Alvarado,TX,2020-06-12
67,Krista Gibson,GA,2020-06-12
68,Timothy Romero,IL,2020-06-12
69,Matthew Moore,FL,2020-06-12
70,Joyce Bowen,SC,2020-06-12
71,Jonathan Lawrence,IN,2020-06-12
72,Donna Landry,GA,2020-07-15
73,Andrew Reynolds,NY,2020-07-22
74,Matthew Moon,NE,2020-08-13
75,Shannon Rivera,FL,2020-08-29
76,Andrew Reynolds,NM,2020-09-01
77,Diane Evans,,2020-09-11
78,Shannon Rivera,,2020-09-12
79,Donna Landry,FL,2020-09-24
80,Kathryn Snyder,TX,2020-09-29
81,Wayne Morgan,NJ,2020-09-30
82,Matthew Moore,FL,2020-10-09
83,Diane Evans,NJ,2020-10-16
84,Jose Travis,VA,2020-10-17
85,Shannon James,NJ,2020-10-18
86,Yvonne Chambers,,2020-10-23
87,Yvonne Chambers,AR,2020-10-30
88,Matthew Moon,NJ,2020-11-01
89,Nathan Malone,NJ,2020-11-01
90,Amanda Jones,,2020-11-03
91,Tammie Bright,,2020-11-07
92,Diane Evans,TX,2020-11-11
93,Diane Evans,NC,2020-11-13
94,Stephanie Williams,,2020-11-17
95,Matthew Moore,FL,2020-11-18
96,Matthew Moon,NJ,2020-11-19
97,Jessica Garcia,,2020-11-20
98,Andrew Reynolds,IL,2020-11-24
99,Shannon Rivera,FL,2020-11-25
100,Krista Gibson,AL,2020-11-25
101,Yvonne Chambers,OK,2020-11-27
102,Jose Travis,,2020-11-28
103,Timothy Romero,IN,2020-11-30
104,Andrew Avila,,2020-12-03
105,Joseph Knight,CA,2020-12-08
106,Shelia Wallace,,2020-12-09
107,Mrs. Kristen Reyes,MI,2020-12-10
108,Yvonne Chambers,OK,2020-12-10
109,Patrick Thornton,IL,2020-12-12
110,Yvonne Chambers,MO,2020-12-15
111,Shelly Alexander,,2020-12-15
112,David Smith,NY,2020-12-16
113,Mrs. Kristen Reyes,IL,2020-12-16
114,Carolyn Miller,,2020-12-17
115,Mrs. Kristen Reyes,CO,2020-12-17
116,Kimberly Gutierrez,,2020-12-17
117,Joyce Bowen,SC,2020-12-21
118,Andrew Reynolds,PA,2020-12-22
119,Briana Murray,MT,2020-12-22
120,Carolyn Miller,GA,2020-12-22
121,Andrew Reynolds,FL,2020-12-23
122,Elaine Brooks,TX,2020-12-23
123,Mrs. Kristen Reyes,OH,2020-12-25
124,Matthew Moon,,2020-12-25
125,Jeremy Reed,NJ,2020-12-26
126,Carolyn Miller,GA,2020-12-28
127,Stephanie Byrd,,2020-12-29
128,Desiree Tyler,NY,2020-12-29
129,Shelly Alexander,NJ,2020-12-29
130,Mrs. Kristen Reyes,MN,2021-01-01
131,Matthew Moore,GA,2021-01-01
132,Mrs. Kristen Reyes,WI,2021-01-13
133,Briana Murray,,2021-01-14
134,Carolyn Miller,,2021-01-14
135,Carolyn Miller,FL,2021-01-15
136,Timothy Romero,IN,2021-01-15
137,Joyce Bowen,NC,2021-01-15
138,Isaiah Avila,VA,2021-01-15
139,Ryan Gonzalez,,2021-01-19
140,Cynthia Rowe,CA,2021-01-20
141,Matthew Moon,UT,2021-01-20
142,Matthew Moore,FL,2021-01-21
143,Marie Christian,KY,2021-01-22
144,Yvonne Chambers,TX,2021-01-22
145,Patrick Thornton,MI,2021-01-22
146,Matthew Moore,FL,2021-01-27
147,Kristen Davis,TN,2021-01-29
148,Joyce Bowen,SC,2021-01-29
149,Margaret Coleman,,2021-01-29
150,Yvonne Chambers,AL,2021-01-30
151,Margaret Coleman,TX,2021-02-02
152,Matthew Moore,FL,2021-02-03
153,Wayne Morgan,NJ,2021-02-04
154,Yvonne Chambers,MD,2021-02-04
155,Carolyn Miller,FL,2021-02-05
156,Kimberly Gutierrez,MI,2021-02-05
157,Yvonne Chambers,AR,2021-02-05
158,Matthew Moon,CA,2021-02-06
159,Yvonne Chambers,TX,2021-02-06
160,Krista Gibson,IL,2021-02-10
161,John Young,FL,2021-02-10
162,Carolyn Miller,FL,2021-02-10
163,Yvonne Chambers,AR,2021-02-10
164,Shelly Alexander,NJ,2021-02-11
165,Keith Jennings,CO,2021-02-11
166,Laura Haney,PA,2021-02-12
167,Elaine Brooks,TX,2021-02-16
168,Mrs. Kristen Reyes,TX,2021-02-16
169,Ryan Gonzalez,,2021-02-16
170,Ryan Gonzalez,,2021-02-16
171,Stephanie Williams,CA,2021-02-16
172,Lisa Allen,,2021-02-18
173,William Barrett,,2021-02-18
174,Shannon Rivera,FL,2021-02-19
175,Tanner Mitchell DDS,IN,2021-03-02
176,Jasmin Alvarado,NV,2021-03-02
177,Carolyn Miller,GA,2021-03-03
178,Yvonne Chambers,PA,2021-03-03
179,Patrick Thornton,MD,2021-03-07
180,Mrs. Kristen Reyes,,2021-03-07
181,Yvonne Chambers,MO,2021-03-09
182,Matthew Moon,CA,2021-03-10
183,Donna Landry,,2021-03-10
184,Amber Obrien,NV,2021-03-10
185,Donna Landry,NJ,2021-03-11
186,Diane Evans,VA,2021-03-11
187,Yvonne Chambers,,2021-03-15
188,Cynthia Rowe,CA,2021-03-16
189,Elaine Brooks,TX,2021-03-17
190,Carolyn Miller,FL,2021-04-14
191,Kimberly Gutierrez,,2021-04-18
192,Timothy Romero,IN,2021-04-18
193,Heather Fields,AZ,2021-04-19
194,Matthew Moon,CA,2021-04-19
195,Elaine Brooks,TX,2021-04-20
196,Susan Murray MD,TX,2021-04-27
197,Yvonne Chambers,PA,2021-04-28
198,Yvonne Chambers,,2021-04-28
199,Timothy Romero,IN,2021-04-28
200,Amanda Jones,,2021-05-02
201,Desiree Tyler,NY,2021-05-03
202,Andrew Avila,OH,2021-05-04
203,Yvonne Chambers,OK,2021-05-05
204,Katie Suarez,CA,2021-05-09
205,Ryan Gonzalez,,2021-05-09
206,Laura Haney,OK,2021-05-09
207,Timothy Romero,IN,2021-05-09
208,Lisa Allen,IL,2021-05-11
209,Veronica Simpson,,2021-05-12
210,Joyce Bowen,SC,2021-05-16
211,Patrick Thornton,MI,2021-05-17
212,Matthew Moon,UT,2021-05-17
213,Jasmin Alvarado,NV,2021-05-18
214,Cynthia Moore,GA,2021-05-18
215,Laura Haney,OK,2021-05-23
216,Carolyn Miller,,2021-05-23
217,Stephanie Williams,,2021-05-24
218,Yvonne Chambers,,2021-05-24
219,Kristen Davis,TN,2021-05-25
220,Matthew Moore,FL,2021-05-25
221,Megan Le,OH,2021-05-25
222,Mrs. Kristen Reyes,,2021-05-25
223,Shelly Alexander,NJ,2021-05-25
224,Marie Christian,VA,2021-06-01
225,Marie Christian,VA,2021-06-01
226,Jasmin Alvarado,TX,2021-06-02
227,Diane Evans,TN,2021-06-02
228,Diane Evans,IN,2021-06-04
229,Patrick Thornton,NJ,2021-06-06
230,Jasmin Alvarado,CA,2021-06-11
231,Carolyn Miller,FL,2021-06-11
232,Desiree Tyler,NJ,2021-06-17
233,Mrs. Kristen Reyes,MO,2021-06-17
234,Cynthia Moore,GA,2021-06-18
235,Joyce Bowen,NC,2021-06-18
236,Shelly Alexander,,2021-06-23
237,Sara Fuller,FL,2021-06-24
238,Cynthia Moore,GA,2021-06-24
239,Tammie Bright,NJ,2021-06-24
240,Sara Fuller,FL,2021-06-25
241,Susan Murray MD,TX,2021-06-25
242,Tammie Bright,NY,2021-06-30
243,Maria Parker,IN,2021-06-30
244,Megan Le,VA,2021-06-30
245,Yvonne Chambers,OK,2021-06-30
246,Lisa Allen,MO,2021-07-13
247,Carolyn Miller,,2021-07-14
248,Amanda Jones,NM,2021-07-14
249,Timothy Romero,IN,2021-07-14
250,Lisa Allen,NJ,2021-07-14
251,Lisa Allen,NJ,2021-07-15
252,Edward Burgess,NY,2021-07-15
253,Lisa Allen,MO,2021-07-20
254,Kevin Walters,CA,2021-07-20
255,Tammie Bright,,2021-07-20
256,Megan Le,KY,2021-07-20
257,Tammie Bright,NY,2021-07-21
258,Matthew Moore,FL,2021-07-21
259,John Young,NJ,2021-07-21
260,Megan Le,OH,2021-07-21
261,Donna Landry,GA,2021-07-22
262,Sara Fuller,FL,2021-07-29
263,Briana Murray,NJ,2021-07-29
264,Yvonne Burns,,2021-07-30
265,Kevin Oconnor,MN,2021-08-05
266,Sara Fuller,FL,2021-08-06
267,Jasmin Alvarado,TX,2021-08-06
268,Marie Christian,KY,2021-08-06
269,Joyce Bowen,NC,2021-08-06
270,Jasmin Alvarado,TX,2021-08-06
271,Lisa Allen,IA,2021-08-11
272,Cynthia Moore,GA,2021-08-11
273,Lisa Allen,NE,2021-08-12
274,Lisa Allen,NE,2021-08-12
275,Kevin Walters,CA,2021-08-13
276,Stephanie Byrd,NV,2021-08-13
277,Amanda Jones,TX,2021-08-13
278,Kristen Davis,TN,2021-08-18
279,Shelly Alexander,NY,2021-08-18
280,Katie Suarez,CA,2021-08-18
281,Tammie Bright,NY,2021-08-19
282,Tammie Bright,NJ,2021-08-20
283,Joyce Bowen,GA,2021-08-20
284,Carolyn Miller,FL,2021-08-20
285,Carlos Ryan,,2021-08-24
286,Stephanie Byrd,OR,2021-08-25
287,Amanda Jones,TX,2021-08-26
288,Carolyn Miller,GA,2021-08-26
289,Donna Landry,GA,2021-08-27
290,Matthew Moore,NC,2021-08-27
291,Kevin Oconnor,,2021-08-27
292,Donna Landry,FL,2021-08-28
293,Timothy Romero,IN,2021-09-01
294,Matthew Moore,FL,2021-09-02
295,Megan Le,,2021-09-03
296,Yvonne Chambers,TX,2021-09-03
297,Sara Fuller,FL,2021-09-08
298,Kristen Davis,TN,2021-09-08
299,Kiara Mcintyre,MS,2021-09-09
300,Jonathan Lawrence,OH,2021-09-09
301,Tammie Bright,NJ,2021-09-09
302,Tammie Bright,NJ,2021-09-10
303,Joyce Bowen,TN,2021-09-10
304,Yvonne Chambers,MD,2021-09-11
305,Kevin Oconnor,MN,2021-09-15
306,Stephanie Byrd,UT,2021-09-15
307,Kimberly Gutierrez,WI,2021-09-16
308,Dr. Paul Morgan,CA,2021-09-17
309,Kathleen Moran,VA,2021-09-17
310,Tammie Bright,NY,2021-09-17
311,Kathleen Moran,DC,2021-09-22
312,Amanda Jones,TX,2021-09-23
313,Stephanie Byrd,ID,2021-09-23
314,Donna Landry,FL,2021-09-23
315,Kristen Davis,TN,2021-09-24
316,Kathleen Moran,VA,2021-09-24
317,Yvonne Chambers,TX,2021-09-24
318,Kiara Mcintyre,LA,2021-09-24
319,Yvonne Chambers,TX,2021-09-24
320,Stephanie Williams,CA,2021-09-24
321,Susan Murray MD,TX,2021-10-08
322,Lisa Allen,MO,2021-10-13
323,Shannon James,NY,2021-10-13
324,Carolyn Miller,MS,2021-10-13
325,Amanda Jones,TX,2021-10-14
326,Kevin Walters,CA,2021-10-15
327,Cynthia Rowe,NV,2021-10-15
328,Matthew Moore,FL,2021-10-17
329,Matthew Moore,FL,2021-10-19
330,Kristen Davis,TN,2021-10-20
331,Tammie Bright,NJ,2021-10-22
332,Kristen Davis,NC,2021-10-22
333,Dawn Summers,WA,2021-10-26
334,Maria Parker,IL,2021-10-27
335,Shannon James,MA,2021-10-27
336,Jessica Garcia,TX,2021-10-29
337,Veronica Simpson,NY,2021-10-29
338,Donna Landry,TX,2021-10-31
339,Desiree Tyler,NY,2021-11-03
340,Colin Terry,CA,2021-11-03
341,Mrs. Kristen Reyes,TX,2021-11-04
342,Kimberly Gibson,CT,2021-11-04
343,Jessica Garcia,TX,2021-11-05
344,Stephanie Williams,CA,2021-11-05
345,Jonathan Lawrence,IL,2021-11-05
346,Briana Murray,NJ,2021-11-06
347,Kevin Walters,AZ,2021-11-10
348,Tammie Bright,NJ,2021-11-10
349,Amanda Jones,TX,2021-11-12
350,Kimberly Gutierrez,KY,2021-11-12
351,Desiree Tyler,NY,2021-11-13
352,Briana Murray,OR,2021-11-18
353,Joseph Knight,CA,2021-11-19
354,Andrew Avila,IN,2021-11-19
355,Shannon Ramsey,CO,2021-11-19
356,Victor Taylor,PA,2021-11-24
357,Barbara Dudley,PA,2021-11-25
358,Briana Murray,CA,2021-11-25
359,Briana Murray,CA,2021-11-26
360,Tammie Bright,TX,2021-11-26
361,Victor Taylor,NY,2021-11-26
362,Joyce Bowen,SC,2021-12-02
363,Kristen Davis,TN,2021-12-07
364,Susan Murray MD,TX,2021-12-07
365,Dawn Summers,WA,2021-12-08
366,Mrs. Kristen Reyes,MI,2021-12-09
367,John Young,NJ,2021-12-09
368,Donna Landry,FL,2021-12-09
369,Joseph Knight,CA,2021-12-11
370,Dawn Summers,WA,2021-12-15
371,Matthew Moore,MD,2021-12-15
372,Joseph Knight,CA,2021-12-16
373,Desiree Tyler,NY,2021-12-16
374,Tammie Bright,NJ,2021-12-16
375,Dawn Summers,CA,2021-12-16
376,Carolyn Miller,AL,2021-12-21
377,Laura Haney,PA,2021-12-22
378,Cynthia Rowe,WA,2021-12-22
379,Cynthia Rowe,AZ,2021-12-23
380,Matthew Moore,PA,2021-12-27
381,Yvonne Chambers,MO,2021-12-28
382,Matthew Moore,MD,2021-12-28
383,Tracy Ballard,NE,2021-12-29
384,Mrs. Kristen Reyes,MN,2021-12-29
385,Tammie Bright,TX,2021-12-29
386,Victor Taylor,PA,2021-12-29
387,Yvonne Chambers,TX,2021-12-30
388,Marie Christian,OH,2021-12-30
389,Joyce Bowen,NC,2021-12-30
390,Desiree Tyler,NY,2021-12-30
391,Stephanie Williams,CA,2021-12-30
392,Kristen Davis,TN,2022-01-05
393,Dawn Summers,NV,2022-01-06
394,Shannon Rivera,FL,2022-01-07
395,Yvonne Chambers,TX,2022-01-07
396,Shannon Ramsey,WI,2022-01-12
397,Maria Parker,IN,2022-01-12
398,Joseph Knight,CA,2022-01-13
399,Joyce Bowen,NC,2022-01-14
400,John Young,NJ,2022-01-14
401,Tammie Bright,NY,2022-01-18
402,Kristen Davis,MS,2022-01-19
403,Diane Evans,MD,2022-01-19
404,Sara Fuller,FL,2022-01-19
405,Veronica Simpson,NY,2022-01-20
406,Kiara Mcintyre,LA,2022-01-20
407,Victor Taylor,PA,2022-01-20
408,Shannon Rivera,FL,2022-01-20
409,Kimberly Gutierrez,VA,2022-01-21
410,Tammie Bright,NY,2022-01-21
411,Barbara Dudley,DE,2022-01-22
412,Shannon James,NY,2022-01-26
413,Kiara Mcintyre,LA,2022-01-27
414,Kathleen Moran,DE,2022-01-27
415,Matthew Moon,CA,2022-01-27
416,Tammie Bright,NY,2022-01-28
417,Barbara Dudley,PA,2022-01-28
418,Tracy Ballard,CO,2022-02-02
419,Dawn Summers,CA,2022-02-02
420,Shannon Ramsey,TX,2022-02-02
421,Joyce Bowen,SC,2022-02-02
422,Matthew Moon,NV,2022-02-03
423,Yvonne Chambers,KS,2022-02-03
424,Wayne Morgan,NY,2022-02-03
425,Jessica Garcia,LA,2022-02-04
426,Joseph Knight,CA,2022-02-04
427,Marie Christian,OH,2022-02-04
428,Lisa Allen,AR,2022-02-04
429,Victor Taylor,PA,2022-02-04
430,Shannon James,NJ,2022-02-04
431,Yvonne Chambers,MO,2022-02-04
432,Tammie Bright,NJ,2022-02-09
433,John Young,IN,2022-02-09
434,Dawn Summers,CA,2022-02-10
435,Joshua Reed,OH,2022-02-10
436,Megan Le,OH,2022-02-11
437,Cynthia Moore,GA,2022-02-11
438,Maria Parker,IL,2022-02-11
439,Jonathan Lawrence,MI,2022-02-11
440,Shelia Wallace,MO,2022-02-15
441,Tammie Bright,NJ,2022-02-16
442,Kevin Walters,CA,2022-02-16
443,Jonathan Lawrence,IL,2022-02-16
444,Dr. Paul Morgan,CA,2022-02-16
445,Shannon Ramsey,CO,2022-02-16
446,Tammie Bright,NY,2022-02-17
447,Mrs. Kristen Reyes,MN,2022-02-17
448,Shannon Ramsey,TX,2022-02-17
449,Dawn Summers,WA,2022-02-17
450,Donna Landry,FL,2022-02-17
451,Yvonne Chambers,TX,2022-02-18
452,Kevin Walters,CA,2022-02-18
453,Heather Fields,AZ,2022-02-18
454,Shannon James,PA,2022-02-18
455,Tracy Ballard,TX,2022-02-18
456,Shannon Ramsey,CO,2022-02-28
457,Lisa Allen,IL,2022-02-28
458,Diane Evans,VA,2022-02-28
459,Tammie Bright,NJ,2022-03-01
460,Yvonne Chambers,TX,2022-03-02
461,Tammie Bright,NJ,2022-03-02
462,Cynthia Moore,GA,2022-03-02
463,Tracy Ballard,TX,2022-03-06
464,Donna Landry,TX,2022-03-08
465,Victor Taylor,PA,2022-03-14
466,Amber Obrien,CA,2022-04-14
467,Yvonne Chambers,SD,2022-04-18
468,Lisa Allen,MO,2022-04-25
469,Dawn Summers,NV,2022-04-27
470,Cynthia Moore,GA,2022-05-17
471,Cynthia Rowe,NV,2022-05-24
472,Donna Landry,FL,2022-06-04
473,Kevin Walters,,2022-06-10
474,John Young,FL,2022-06-10
475,Tammie Bright,NY,2022-06-15
476,Shelia Wallace,ME,2022-06-22
477,Victor Taylor,PA,2022-06-22
478,Timothy Romero,IN,2022-06-23
479,Kristen Davis,MS,2022-06-23
480,Stephanie Byrd,OR,2022-06-23
481,Barbara Dudley,PA,2022-06-23
482,Wayne Morgan,,2022-06-24
483,Timothy Romero,IN,2022-06-25
484,Dawn Summers,OR,2022-06-29
485,Victor Taylor,PA,2022-06-29
486,Kathleen Moran,DE,2022-06-29
487,Dawn Summers,NV,2022-06-30
488,Tammie Bright,NY,2022-06-30
489,Victor Taylor,PA,2022-06-30
490,Stephanie Byrd,UT,2022-07-12
491,Victor Taylor,LA,2022-07-12
492,Dr. Paul Morgan,CA,2022-07-12
493,Cynthia Moore,GA,2022-07-12
494,Stephanie Byrd,OR,2022-07-13
495,Mrs. Kristen Reyes,MT,2022-07-13
496,Cynthia Moore,GA,2022-07-14
497,Kathleen Moran,MD,2022-07-20
498,Kevin Oconnor,IL,2022-07-27
499,Sara Fuller,FL,2022-08-18
500,Kathleen Moran,VA,2022-08-19
501,Richard Smith,WA,2022-08-23
502,Joyce Bowen,NC,2022-08-24
503,Matthew Moore,FL,2022-08-25
504,Jordan Chambers,PA,2022-08-25
505,John Young,GA,2022-09-02
506,Elaine Brooks,AR,2022-09-02
507,Lauren Carson,TX,2022-09-02
508,Yvonne Chambers,IL,2022-09-04
509,Jonathan Lawrence,IL,2022-09-06
510,Shannon James,NY,2022-09-07
511,Sara Fuller,FL,2022-09-08
512,Amanda Jones,TX,2022-09-08
513,Jordan Chambers,DE,2022-09-08
514,Matthew Moore,FL,2022-09-09
515,Yvonne Chambers,MO,2022-09-09
516,Dawn Summers,WA,2022-09-09
517,Ashley Hall,NC,2022-09-09
518,Tammie Bright,CT,2022-09-09
519,Shannon James,ME,2022-09-09
520,Joyce Bowen,SC,2022-09-14
521,Matthew Moon,CA,2022-09-15
522,Mrs. Kristen Reyes,MN,2022-09-15
523,Laura Haney,PA,2022-09-15
524,Yvonne Chambers,NJ,2022-09-16
525,Yvonne Chambers,NJ,2022-09-16
526,Yvonne Chambers,NJ,2022-09-16
527,Kimberly Gutierrez,IN,2022-09-21
528,Kathleen Moran,MD,2022-09-21
529,Stephen Hoffman,MO,2022-09-21
530,Desiree Tyler,NY,2022-09-22
531,Victor Taylor,PA,2022-09-22
532,Tanner Mitchell DDS,KY,2022-09-23
533,Connie Brown,OH,2022-09-23
534,Diane Evans,VA,2022-09-23
535,Yvonne Chambers,VA,2022-09-23
536,Tammie Bright,NY,2022-09-24
537,Susan Turner,TN,2022-09-28
538,Charles Shah,CA,2022-09-29
539,Mrs. Kristen Reyes,WI,2022-09-29
540,Shannon James,NH,2022-09-29
541,Connie Brown,OH,2022-09-30
542,Shannon James,RI,2022-09-30
543,Kevin Oconnor,MN,2022-10-12
544,Katie Suarez,OR,2022-10-13
545,John Young,GA,2022-10-14
546,Ashley Hall,NC,2022-10-14
547,Laura Haney,,2022-10-15
548,Wayne Morgan,NY,2022-10-15
549,Wayne Morgan,CT,2022-10-19
550,Charles Shah,CA,2022-10-19
551,Timothy Romero,IN,2022-10-19
552,Shannon Rivera,FL,2022-10-20
553,Amber Obrien,ID,2022-10-21
554,Johnathan Davis,FL,2022-10-21
555,Ashley Hall,VA,2022-10-21
556,Elaine Brooks,OK,2022-10-26
557,Jonathan Lawrence,IL,2022-10-27
558,Joyce Bowen,NC,2022-10-28
559,Jessica Garcia,LA,2022-10-28
560,Cynthia Moore,GA,2022-10-28
561,Brandy Chavez,CA,2022-10-30
562,Brandy Chavez,CA,2022-10-30
563,Jordan Chambers,MD,2022-11-09
564,Laura Haney,NJ,2022-11-09
565,Dawn Summers,OR,2022-11-09
566,John Young,FL,2022-11-10
567,William Barrett,CA,2022-11-10
568,Lauren Carson,TX,2022-11-11
569,Jonathan Lawrence,IL,2022-11-11
570,Brandy Chavez,CA,2022-11-17
571,Tanner Mitchell DDS,PA,2022-11-18
572,Amber Obrien,NV,2022-11-18
573,Timothy Romero,OH,2022-11-18
574,Wayne Morgan,RI,2022-11-22
575,Connie Brown,OH,2022-11-22
576,Dr. Paul Morgan,CA,2022-11-23
577,Joyce Bowen,NC,2022-11-25
578,Sara Fuller,GA,2022-11-25
579,Jordan Chambers,PA,2022-11-29
580,Charles Shah,WA,2022-11-30
581,Tracy Ballard,CO,2022-11-30
582,Yvonne Chambers,TX,2022-12-01
583,Joyce Bowen,SC,2022-12-06
584,Charles Shah,CA,2022-12-07
585,Wayne Morgan,NY,2022-12-08
586,Tracy Ballard,TX,2022-12-08
587,Joseph Knight,CA,2022-12-10
588,Victor Taylor,PA,2022-12-13
589,Jonathan Lawrence,MI,2022-12-13
590,Stephanie Byrd,WA,2022-12-13
591,Timothy Romero,IN,2022-12-13
592,Kiara Mcintyre,LA,2022-12-14
593,Tanner Mitchell DDS,KY,2022-12-14
594,Tanner Mitchell DDS,NC,2022-12-15
595,Patrick Thornton,TX,2022-12-15
596,Joseph Knight,CA,2022-12-15
597,Tammie Bright,NY,2022-12-15
598,Shannon James,NJ,2022-12-15
599,Johnathan Davis,GA,2022-12-15
600,Tammie Bright,NY,2022-12-17
601,Matthew Moore,FL,2022-12-17
602,Ryan Gonzalez,NJ,2022-12-20
603,Heather Fields,AZ,2022-12-21
604,Veronica Simpson,NY,2022-12-24
605,Joyce Bowen,TN,2022-12-27
606,Tracy Ballard,CO,2022-12-27
607,Marie Christian,MI,2022-12-27
608,Susan Turner,TN,2022-12-27
609,Amanda Jones,TX,2022-12-28
610,Laura Haney,NY,2022-12-28
611,Shannon Ramsey,CO,2022-12-28
612,Heather Fields,AZ,2022-12-28
613,Charles Shah,NV,2022-12-29
614,Ryan Gonzalez,MD,2022-12-29
615,Wayne Morgan,NY,2022-12-29
616,Lauren Carson,TX,2022-12-29
617,Kathleen Moran,VA,2023-01-04
618,Stephen Hoffman,MO,2023-01-04
619,Tanner Mitchell DDS,NY,2023-01-05
620,Johnathan Davis,FL,2023-01-05
621,Natalie Bautista,GA,2023-01-06
622,Joyce Bowen,NC,2023-01-06
623,Shannon Rivera,FL,2023-01-06
624,Tammie Bright,NY,2023-01-07
625,Matthew Moore,PA,2023-01-07
626,Tracy Ballard,CO,2023-01-11
627,Susan Turner,TN,2023-01-11
628,John Young,FL,2023-01-11
629,Tanner Mitchell DDS,NY,2023-01-11
630,Johnathan Davis,FL,2023-01-11
631,Donna Landry,GA,2023-01-12
632,William Barrett,CA,2023-01-12
633,Veronica Simpson,NY,2023-01-12
634,Victor Taylor,MD,2023-01-13
635,Shannon James,TX,2023-01-13
636,Diane Evans,VA,2023-01-13
637,Tammie Bright,NY,2023-01-13
638,Yvonne Chambers,TX,2023-01-13
639,Jordan Chambers,NJ,2023-01-13
640,Andrew Avila,OH,2023-01-13
641,Wayne Morgan,NY,2023-01-17
642,Heather Fields,AZ,2023-01-18
643,Jordan Chambers,PA,2023-01-19
644,Matthew Moore,FL,2023-01-19
645,Laura Haney,NJ,2023-01-20
646,Shannon Rivera,FL,2023-01-20
647,Matthew Moore,CO,2023-01-22
648,Barbara Dudley,NY,2023-01-25
649,Tanner Mitchell DDS,KY,2023-01-25
650,Desiree Tyler,,2023-01-26
651,Barbara Dudley,NJ,2023-01-26
652,Barbara Dudley,NY,2023-01-26
653,Donna Landry,FL,2023-01-26
654,Mrs. Kristen Reyes,WI,2023-01-26
655,Sara Fuller,GA,2023-01-26
656,Dr. Paul Morgan,CA,2023-01-26
657,Matthew Moore,MD,2023-01-26
658,Dawn Summers,ID,2023-01-27
659,Andrew Avila,IL,2023-01-27
660,Yvonne Burns,ME,2023-01-27
661,Patrick Moore,IL,2023-01-27
662,Cynthia Moore,GA,2023-01-27
663,Joyce Bowen,TN,2023-01-27
664,Kimberly Gutierrez,MI,2023-01-28
665,Matthew Moore,FL,2023-01-29
666,Matthew Moore,AL,2023-02-01
667,Cynthia Rowe,NV,2023-02-01
668,Brett Burns,NY,2023-02-02
669,Marie Christian,OH,2023-02-03
670,Tanner Mitchell DDS,KY,2023-02-03
671,Tracy Ballard,NY,2023-02-03
672,Sara Fuller,FL,2023-02-03
673,Jonathan Lawrence,IL,2023-02-03
674,Ashley Hall,NC,2023-02-07
675,Stephen Hoffman,MO,2023-02-08
676,Trevor Johnson,LA,2023-02-09
677,Jonathan Lawrence,IL,2023-02-09
678,Wayne Morgan,MD,2023-02-09
679,Jeremy Sampson,PA,2023-02-09
680,Tanner Mitchell DDS,KY,2023-02-10
681,Kimberly Gutierrez,MI,2023-02-10
682,Jonathan Lawrence,OH,2023-02-10
683,Carlos Ryan,NM,2023-02-10
684,Kevin Walters,CA,2023-02-11
685,Tammie Bright,NY,2023-02-11
686,Amber Obrien,ID,2023-02-15
687,Barbara Dudley,PA,2023-02-15
688,John Young,FL,2023-02-15
689,Joseph Knight,CA,2023-02-16
690,Barbara Dudley,PA,2023-02-16
691,Kevin Walters,CA,2023-02-16
692,Connie Brown,OH,2023-02-16
693,Charles Shah,CA,2023-02-16
694,Wayne Morgan,NJ,2023-02-16
695,Mrs. Kristen Reyes,MN,2023-02-17
696,Natalie Bautista,GA,2023-02-17
697,Jeremy Sampson,VA,2023-02-17
698,Matthew Moore,NJ,2023-02-18
699,Charles Shah,CA,2023-02-28
700,Trevor Johnson,TX,2023-02-28
701,Cynthia Moore,GA,2023-03-01
702,Ryan Gonzalez,VA,2023-03-06
703,William Barrett,CA,2023-03-06
704,Jonathan Lawrence,IL,2023-03-07
705,Brett Burns,NY,2023-03-07
706,Amanda Jones,TX,2023-03-08
707,Lauren Carson,TX,2023-03-09
708,Trevor Johnson,MS,2023-03-13
709,Trevor Johnson,MD,2023-03-14
710,Victor Taylor,PA,2023-03-14
711,Susan Turner,TN,2023-03-15
712,Matthew Moore,FL,2023-03-15
713,Kevin Walters,MO,2023-03-15
714,Kevin Walters,MO,2023-03-15
715,Stephen Hoffman,MS,2023-03-15
716,Yvonne Chambers,AR,2023-03-15
717,Kevin Walters,MO,2023-03-16
718,Yvonne Chambers,NJ,2023-03-17
719,Desiree Tyler,NY,2023-04-11
720,Sara Fuller,GA,2023-04-12
721,Susan Turner,TN,2023-04-12
722,Amanda Jones,TX,2023-04-19
723,Timothy Romero,IN,2023-04-20
724,Amber Obrien,UT,2023-04-23
725,Jordan Chambers,DE,2023-05-01
726,Cynthia Moore,GA,2023-05-02
727,Matthew Moon,CA,2023-05-02
728,Dr. Paul Morgan,CA,2023-05-07
729,Trevor Johnson,OK,2023-05-08
730,Ariana Jennings,IL,2023-05-08
731,Vanessa Howard,NC,2023-05-09
732,Tammie Bright,NJ,2023-05-09
733,Wayne Morgan,NJ,2023-05-13
734,Amber Obrien,,2023-05-13
735,Sara Fuller,GA,2023-05-13
736,Matthew Moore,,2023-05-13
737,Shannon Rivera,FL,2023-05-15
738,Wayne Morgan,NY,2023-05-16
739,Trevor Johnson,TX,2023-05-16
740,Tracy Ballard,NY,2023-05-16
741,Wayne Morgan,CT,2023-05-28
742,Susan Turner,TN,2023-05-28
743,Amanda Jones,TX,2023-06-01
744,Richard Smith,WA,2023-06-01
745,Carlos Ryan,AZ,2023-06-01
746,Marie Christian,KY,2023-06-02
747,Tanner Mitchell DDS,TN,2023-06-02
748,Trevor Johnson,OK,2023-06-02
749,Ryan Gonzalez,MD,2023-06-02
750,Wayne Morgan,FL,2023-06-03
751,Victor Taylor,,2023-06-06
752,Shannon James,NY,2023-06-07
753,Colton Martinez,,2023-06-13
754,Amanda Jones,NM,2023-06-14
755,Ashley Hall,NY,2023-06-16
756,Yvonne Burns,MA,2023-06-16
757,Kiara Mcintyre,LA,2023-06-16
758,Timothy Romero,IN,2023-06-20
759,Brandy Chavez,,2023-06-20
760,Brett Burns,NY,2023-06-21
761,Victor Taylor,PA,2023-06-21
762,Victor Taylor,PA,2023-06-22
763,Brett Burns,NY,2023-06-22
764,Stephen Hoffman,MO,2023-06-22
765,Kathleen Moran,VA,2023-06-23
766,Barbara Dudley,TX,2023-06-23
767,Elaine Brooks,TX,2023-06-23
768,Joyce Bowen,VA,2023-06-23
769,Donna Landry,FL,2023-06-25
770,Ashley Hall,NC,2023-06-27
771,Cynthia Moore,GA,2023-06-28
772,Connie Brown,OH,2023-06-28
773,Matthew Moon,,2023-06-29
774,Matthew Moore,FL,2023-06-29
775,Brett Burns,NY,2023-06-29
776,Connie Brown,OH,2023-06-30
777,Amber Obrien,,2023-06-30
778,Shannon James,NY,2023-06-30
779,Johnathan Davis,FL,2023-07-05
780,Charles Shah,CA,2023-07-05
781,Trevor Johnson,MN,2023-07-06
782,Kevin Walters,,2023-07-10
783,Tammie Bright,,2023-07-11
784,Sara Fuller,GA,2023-07-13
785,Amber Obrien,WY,2023-07-20
786,Wayne Morgan,NJ,2023-07-20
787,Veronica Simpson,CT,2023-07-20
788,Shannon Rivera,FL,2023-07-20
789,Matthew Moore,CO,2023-07-21
790,Jordan Chambers,DE,2023-07-26
791,Charles Shah,,2023-07-26
792,Shannon James,NH,2023-07-27
793,Joyce Bowen,NC,2023-07-27
794,Desiree Tyler,NY,2023-07-27
795,Wayne Morgan,TX,2023-07-27
796,Wayne Morgan,MA,2023-08-02
797,Joseph Knight,CA,2023-08-02
798,Johnathan Davis,FL,2023-08-03
799,Andrea Hubbard,MO,2023-08-03
800,John Young,FL,2023-08-03
801,Linda Smith,OH,2023-08-04
802,Jordan Chambers,PA,2023-08-09
803,Tammie Bright,NY,2023-08-10
804,Yvonne Burns,MA,2023-08-10
805,Veronica Simpson,ME,2023-08-16
806,Sara Fuller,FL,2023-08-18
807,Jordan Chambers,PA,2023-08-18
808,Joseph Knight,CA,2023-08-18
809,Veronica Simpson,NY,2023-08-19
810,John Young,FL,2023-08-22
811,Amber Obrien,ID,2023-08-22
812,Jonathan Lawrence,IL,2023-08-24
813,Tanner Mitchell DDS,KY,2023-08-24
814,Johnathan Davis,FL,2023-08-25
815,Tammie Bright,NY,2023-09-01
816,Veronica Simpson,NY,2023-09-03
817,Susan Turner,TN,2023-09-08
818,Wayne Morgan,NY,2023-09-08
819,Tracy Ballard,NY,2023-09-08
820,Cynthia Moore,GA,2023-09-13
821,Stephen Hoffman,MO,2023-09-13
822,Veronica Simpson,NY,2023-09-13
823,Jeremy Sampson,PA,2023-09-14
824,Barbara Dudley,WV,2023-09-15
825,Jordan Chambers,PA,2023-09-15
826,Johnathan Davis,DE,2023-09-15
827,Matthew Moore,FL,2023-09-20
828,Trevor Johnson,,2023-09-21
829,Richard Smith,WA,2023-09-22
830,Daniel Kane,IL,2023-09-22
831,Joyce Bowen,SC,2023-09-22
832,Lauren Carson,TX,2023-09-28
833,Tanner Mitchell DDS,KY,2023-09-29
834,Amanda Jones,TX,2023-09-29
835,Ariana Jennings,IL,2023-10-13
836,Johnathan Davis,FL,2023-10-13
837,Wayne Morgan,NY,2023-10-15
838,Connie Brown,OH,2023-10-19
839,Shannon Rivera,FL,2023-10-20
840,Connie Brown,,2023-10-25
841,Veronica Simpson,NH,2023-10-25
842,Susan Turner,TN,2023-10-25
843,Timothy Romero,DE,2023-10-27
844,Colton Martinez,CA,2023-10-27
845,William Barrett,CA,2023-11-02
846,Amanda Jones,TX,2023-11-03
847,Veronica Simpson,NY,2023-11-06
848,Wayne Morgan,NY,2023-11-09
849,Dawn Summers,WA,2023-11-15
850,Kevin Walters,CA,2023-11-16
851,Natalie Bautista,GA,2023-11-17
852,Brett Burns,NY,2023-11-17
853,Trevor Johnson,AR,2023-11-17
854,Joseph Knight,MN,2023-11-22
855,Maria Parker,IN,2023-11-22
856,Amanda Jones,TX,2023-11-22
857,Joseph Knight,WI,2023-11-23
858,Daniel Kane,WV,2023-11-24
859,Amanda Jones,TX,2023-11-24
860,Dawn Summers,WA,2023-11-24
861,Dawn Summers,CA,2023-11-28
862,Maria Parker,IN,2023-11-28
863,Susan Turner,NY,2023-11-30
864,Maria Parker,IL,2023-12-06
865,Joseph Knight,CA,2023-12-07
866,Joseph Knight,CA,2023-12-09
867,Daniel Kane,NY,2023-12-12
868,Joyce Bowen,SC,2023-12-14
869,Amanda Jones,TX,2023-12-14
870,Ariana Jennings,MO,2023-12-20
871,John Young,GA,2023-12-21
872,Richard Smith,WA,2023-12-21
873,Veronica Simpson,NY,2023-12-21
874,Barbara Dudley,PA,2023-12-21
875,Wayne Morgan,CT,2023-12-21
876,Dawn Summers,WA,2023-12-21
877,Joyce Bowen,NC,2023-12-21
878,Daniel Kane,OH,2023-12-26
879,Barbara Dudley,NY,2023-12-26
880,Johnathan Davis,FL,2023-12-26
881,Susan Turner,TN,2023-12-27
882,Wayne Morgan,NJ,2023-12-27
883,Tracy Ballard,CO,2023-12-27
884,Laura Haney,PA,2023-12-28
885,Joyce Bowen,NC,2023-12-28
886,Johnathan Davis,FL,2023-12-28
887,Tracy Ballard,CO,2023-12-28
888,Matthew Moon,NJ,2023-12-28
889,Trevor Johnson,,2023-12-28
890,Joyce Bowen,SC,2024-01-05
891,Johnathan Davis,FL,2024-01-10
892,Matthew Moon,CA,2024-01-13
893,Yvonne Chambers,MO,2024-01-17
894,Jessica Garcia,LA,2024-01-17
895,Wayne Morgan,ME,2024-01-17
896,Veronica Simpson,NY,2024-01-17
897,Connie Brown,OH,2024-01-18
898,Johnathan Davis,FL,2024-01-18
899,Amber Obrien,ID,2024-01-18
900,Shannon Rivera,FL,2024-01-19
901,Jordan Bates,NH,2024-01-23
902,Dawn Summers,OR,2024-01-23
903,Kimberly Gutierrez,MI,2024-01-23
904,Dawn Summers,OR,2024-01-24
905,Shannon Ramsey,CO,2024-01-24
906,John Young,FL,2024-01-24
907,Diane Evans,VA,2024-01-25
908,Victor Taylor,PA,2024-01-25
909,Trevor Johnson,TX,2024-01-25
910,Frank Cordova,LA,2024-01-26
911,Kiara Mcintyre,AL,2024-01-26
912,Kimberly Gutierrez,IL,2024-01-26
913,Joyce Bowen,SC,2024-01-26
914,Jeremy Sampson,WV,2024-02-01
915,Charles Shah,CA,2024-02-01
916,Wayne Morgan,NY,2024-02-02
917,Ryan Gonzalez,MD,2024-02-02
918,Yvonne Chambers,OK,2024-02-02
919,Barbara Dudley,PA,2024-02-02
920,Jordan Chambers,PA,2024-02-02
921,Charles Shah,CA,2024-02-03
922,Jonathan Lawrence,IL,2024-02-08
923,Lauren Carson,TX,2024-02-09
924,Victor Taylor,PA,2024-02-09
925,Tammie Bright,New York,2024-02-10
926,Johnathan Davis,FL,2024-02-11
927,Shannon Rivera,FL,2024-02-11
928,Susan Turner,TN,2024-02-14
929,Amanda Jones,TX,2024-02-15
930,Stephen Hoffman,MO,2024-02-15
931,Tracy Ballard,TX,2024-02-16
932,Marie Christian,SC,2024-02-16
933,Ryan Gonzalez,MD,2024-02-16
934,Kiara Mcintyre,MS,2024-02-16
935,Cynthia Moore,GA,2024-02-16
936,Patrick Moore,IL,2024-02-16
937,Sara Fuller,FL,2024-02-16
938,Shannon Rivera,FL,2024-02-16
939,Mrs. Kristen Reyes,WI,2024-02-28
940,Katie Suarez,CA,2024-02-29
941,Timothy Romero,IN,2024-03-04
942,Desiree Tyler,NY,2024-03-04
943,Veronica Simpson,NY,2024-03-05
944,Cynthia Moore,GA,2024-03-05
945,Jeremy Sampson,PA,2024-03-06
946,Yvonne Chambers,TX,2024-03-07
947,Matthew Moore,,2024-03-07
948,Jordan Bates,NY,2024-03-08
949,Susan Turner,TN,2024-03-12
950,Joyce Bowen,NC,2024-03-12
951,Matthew Moore,,2024-03-13
952,Veronica Simpson,CT,2024-03-13
953,Kimberly Gutierrez,MI,2024-03-14
954,Yvonne Chambers,NJ,2024-03-16
955,Veronica Simpson,RI,2024-03-21
956,Ariana Jennings,IN,2024-04-18
957,Johnathan Davis,FL,2024-04-18
958,Barbara Dudley,MA,2024-04-23
959,Mrs. Kristen Reyes,IA,2024-04-23
960,Timothy Romero,IN,2024-04-23
961,Timothy Romero,IN,2024-04-24
962,Amanda Jones,TX,2024-04-25
963,Stephen Hoffman,MO,2024-04-25
964,Diane Evans,VA,2024-04-25
965,Tammie Bright,NY,2024-04-25
966,Mrs. Kristen Reyes,MN,2024-04-25
967,Joyce Bowen,NC,2024-04-30
968,Veronica Simpson,NJ,2024-04-30
969,Richard Smith,AZ,2024-04-30
970,Amanda Jones,TX,2024-05-01
971,Tanner Mitchell DDS,KY,2024-05-01
972,Timothy Romero,OH,2024-05-01
973,Carlos Ryan,TX,2024-05-05
974,Dawn Summers,ID,2024-05-06
975,Timothy Romero,OH,2024-05-07
976,Shannon Rivera,FL,2024-05-08
977,Yvonne Chambers,OK,2024-05-08
978,Carlos Ryan,AZ,2024-05-08
979,Ariana Jennings,IL,2024-05-13
980,Jonathan Lawrence,IL,2024-05-21
981,Diane Evans,VA,2024-05-22
982,Wayne Morgan,NY,2024-05-22
983,Barbara Dudley,WV,2024-05-22
984,Joyce Bowen,NC,2024-05-22
985,Tracy Ballard,CO,2024-05-27
986,Mrs. Kristen Reyes,TX,2024-05-28
987,Linda Smith,TX,2024-05-29
988,Jordan Bates,CT,2024-05-29
989,Stephen Hoffman,LA,2024-06-01
990,Trevor Johnson,MS,2024-06-04
991,Susan Turner,TN,2024-06-05
992,Amanda Jones,NM,2024-06-05
993,Dawn Summers,ID,2024-06-05
994,Kathleen Moran,VA,2024-06-07
995,Tammie Bright,PA,2024-06-07
996,Shannon James,NJ,2024-06-07
997,Matthew Moore,FL,2024-06-08
998,Jordan Bates,ME,2024-06-11
999,Cynthia Moore,FL,2024-06-12
1000,Joyce Bowen,SC,2024-06-12
1001,Charles Shah,CA,2024-06-13
1002,Victor Taylor,PA,2024-06-13
1003,Richard Smith,WA,2024-06-13
1004,Wayne Morgan,NY,2024-06-13
1005,Mrs. Kristen Reyes,WI,2024-06-14
1006,Barbara Dudley,OH,2024-06-14
1007,Katie Suarez,ID,2024-06-14
1008,Brett Burns,NY,2024-06-14
1009,Marie Christian,KY,2024-06-14
1010,Wayne Morgan,TX,2024-06-16
1011,Stephen Hoffman,MO,2024-06-26
1012,Tammie Bright,NY,2024-06-26
1013,Victor Taylor,PA,2024-06-26
1014,Tammie Bright,NY,2024-06-27
1015,Shannon James,NY,2024-06-27
1016,Dana Martinez,MI,2024-06-27
1017,Charles Shah,NV,2024-06-28
1018,Joyce Bowen,NC,2024-06-28
1019,Ariana Jennings,AL,2024-06-28
1020,Tracy Ballard,MN,2024-06-28
1021,Tammie Bright,FL,2024-07-06
1022,Johnathan Davis,FL,2024-07-10
1023,Cynthia Moore,FL,2024-07-10
1024,Joseph Knight,NY,2024-07-11
1025,Tracy Ballard,CO,2024-07-16
1026,Joyce Bowen,FL,2024-07-17
1027,Yvonne Chambers,KS,2024-07-18
1028,Amanda Jones,TX,2024-07-18
1029,Jonathan Lawrence,IL,2024-07-23
1030,Barbara Dudley,NY,2024-07-24
1031,Johnathan Davis,FL,2024-07-24
1032,Wayne Morgan,CT,2024-07-24
1033,Yvonne Chambers,KS,2024-07-25
1034,Barbara Dudley,NY,2024-07-25
1035,Shannon Rivera,FL,2024-07-27
1036,Cynthia Moore,DC,2024-07-27
1037,Scott Thomas,TX,2024-07-30
1038,Elaine Brooks,TX,2024-08-02
1039,Kristen Davis,TN,2024-08-09
1040,Cynthia Moore,FL,2024-08-09
1041,Diane Evans,VA,2024-08-09
1042,Susan Turner,TN,2024-08-14
1043,Tanner Mitchell DDS,KY,2024-08-14
1044,Ryan Gonzalez,MD,2024-08-15
1045,Ryan Gonzalez,MD,2024-08-15
1046,Veronica Simpson,NY,2024-08-16
1047,Wayne Morgan,NH,2024-08-16
1048,Joyce Bowen,TN,2024-08-16
1049,Charles Shah,CA,2024-08-20
1050,David Thompson,FL,2024-08-21
1051,Joyce Bowen,SC,2024-08-21
1052,Kayla Rodriguez,NY,2024-08-22
1053,Victor Taylor,PA,2024-08-22
1054,Tammie Bright,NJ,2024-08-23
1055,Barbara Dudley,PA,2024-08-23
1056,Timothy Romero,IN,2024-08-23
1057,Veronica Simpson,MA,2024-08-29
1058,Laura Haney,PA,2024-08-29
1059,Desiree Tyler,NY,2024-08-29
1060,David Thompson,FL,2024-08-30
1061,Barbara Dudley,OH,2024-08-30
1062,Tammie Bright,PA,2024-09-05
1063,Nichole Alvarez,GA,2024-09-06
1064,Kayla Rodriguez,NY,2024-09-06
1065,Wayne Morgan,MA,2024-09-10
1066,Veronica Simpson,MA,2024-09-12
1067,Charles Shah,CA,2024-09-12
1068,Tammie Bright,NJ,2024-09-12
1069,Joyce Bowen,NC,2024-09-13
1070,Yvonne Chambers,KS,2024-09-20
1071,Stephen Hoffman,AR,2024-09-20
1072,Anthony Harmon,ID,2024-09-20
1073,Wayne Morgan,NJ,2024-09-22
1074,Linda Smith,OH,2024-09-25
1075,Veronica Simpson,NY,2024-09-25
1076,Tammie Bright,NY,2024-09-26
1077,Timothy Romero,OH,2024-09-26
1078,Charles Shah,CA,2024-09-27
1079,Barbara Dudley,CT,2024-10-10
1080,Kevin Walters,CA,2024-10-13
1081,Dana Martinez,MN,2024-10-17
1082,Kiara Mcintyre,LA,2024-10-20
1083,Kayla Rodriguez,NY,2024-10-20
1084,Dawn Summers,ID,2024-10-23
1085,Richard Smith,AK,2024-10-25
1086,Timothy Romero,OH,2024-11-01
1087,Dana Martinez,WI,2024-11-01
1088,Yvonne Chambers,MO,2024-11-08
1089,Timothy Romero,TN,2024-11-10
1090,Kristen Davis,NC,2024-11-12
1091,Dana Martinez,NE,2024-11-14
1092,Sara Fuller,FL,2024-11-14
1093,Carlos Ryan,TX,2024-11-15
1094,Wayne Morgan,CT,2024-11-21
1095,Kristen Davis,NC,2024-11-22
1096,Carlos Ryan,AZ,2024-11-22
1097,Tammie Bright,NJ,2024-11-28
1098,Wayne Morgan,NY,2024-11-28
1099,Johnathan Davis,FL,2024-11-29
1100,Nichole Alvarez,GA,2024-11-29
1101,Barbara Dudley,NY,2024-12-04
1102,Timothy Romero,VA,2024-12-04
1103,Elaine Brooks,TX,2024-12-05
1104,Susan Turner,TN,2024-12-05
1105,Tammie Bright,DC,2024-12-06
1106,Anthony Harmon,NV,2024-12-10
1107,Timothy Romero,DE,2024-12-11
1108,Kimberly Gutierrez,IL,2024-12-11
1109,Jonathan Lawrence,IL,2024-12-12
1110,Tanner Mitchell DDS,KY,2024-12-12
1111,Desiree Tyler,NY,2024-12-12
1112,Barbara Dudley,MD,2024-12-12
1113,Kristen Davis,TN,2024-12-17
1114,Dana Martinez,MN,2024-12-17
1115,Amanda Jones,TX,2024-12-18
1116,Carlos Ryan,AZ,2024-12-18
1117,Wayne Morgan,NY,2024-12-19
1118,Kimberly Gutierrez,MI,2024-12-19
1119,Tammie Bright,NJ,2024-12-19
1120,Nichole Alvarez,GA,2024-12-19
1121,Elaine Brooks,TX,2024-12-19
1122,Theresa Williams,CA,2024-12-19
1123,Laura Haney,PA,2024-12-19
1124,Joyce Bowen,NC,2024-12-23
1125,Amanda Jones,TX,2024-12-25
1126,Linda Smith,PA,2024-12-25
1127,Charles Shah,CA,2024-12-25
1128,Wayne Morgan,NJ,2024-12-26
1129,Anthony Harmon,TX,2024-12-26
1130,Linda Smith,MI,2024-12-26
1131,Susan Turner,TN,2025-01-01
1132,Timothy Romero,OH,2025-01-02
1133,Anthony Harmon,UT,2025-01-02
1134,Victor Brown,ID,2025-01-05
1135,Victor Taylor,PA,2025-01-08
1136,Sharon Boyd,IL,2025-01-10
1137,Shannon James,NY,2025-01-10
1138,Joyce Bowen,NC,2025-01-10
1139,Shannon Rivera,FL,2025-01-15
1140,Charles Shah,CA,2025-01-15
1141,Dana Martinez,ND,2025-01-15
1142,Timothy Romero,VA,2025-01-16
1143,Tammie Bright,NJ,2025-01-16
1144,James Parks,NV,2025-01-17
1145,Kristen Davis,NC,2025-01-17
1146,Timothy Romero,OH,2025-01-17
1147,Daniel Kane,OH,2025-01-17
1148,Victor Taylor,PA,2025-01-17
1149,Tammie Bright,NY,2025-01-18
1150,Wayne Morgan,MA,2025-01-22
1151,Barbara Dudley,PA,2025-01-24
1152,Cynthia Moore,PA,2025-01-24
1153,Mrs. Kristen Reyes,MN,2025-01-29
1154,Nichole Alvarez,GA,2025-01-29
1155,Barbara Dudley,WV,2025-01-29
1156,Kathleen Moran,NC,2025-01-29
1157,Diane Evans,MD,2025-01-30
1158,Elaine Brooks,TX,2025-01-30
1159,Victor Taylor,TN,2025-02-02
1160,Allison Smith,CA,2025-02-03
1161,Nichole Alvarez,GA,2025-02-05
1162,Kathleen Moran,OH,2025-02-06
1163,Laura Haney,PA,2025-02-07
1164,Kristen Davis,KY,2025-02-07
1165,Joyce Bowen,VA,2025-02-07
1166,Brett Burns,NY,2025-02-07
1167,Dana Martinez,IA,2025-02-07
1168,Wayne Morgan,NY,2025-02-07
1169,Jordan Chambers,PA,2025-02-11
1170,Marie Christian,KY,2025-02-12
1171,John Young,GA,2025-02-12
1172,Matthew Moore,NY,2025-02-13
1173,Barbara Dudley,OH,2025-02-13
1174,Victor Taylor,PA,2025-02-13
1175,Laura Haney,,2025-02-13
1176,Theodore Jones Jr.,TN,2025-02-13
1177,Susan Murray MD,TX,2025-02-16
1178,Kathleen Moran,NC,2025-02-19
1179,Ana Hill,CT,2025-03-04
1180,Mrs. Kristen Reyes,MA,2025-03-04
1181,Johnathan Davis,FL,2025-03-05
1182,Diane Evans,VA,2025-03-05
1183,Amanda Jones,TX,2025-03-05
1184,Cynthia Moore,GA,2025-03-05
1185,Shannon Ramsey,CO,2025-03-09
1186,Kathleen Moran,VA,2025-03-10
1187,Scott Thomas,NM,2025-03-10
1188,Ana Hill,CT,2025-03-11
1189,Kristen Davis,TN,2025-03-12
1190,Kiara Mcintyre,TX,2025-03-12
1191,Charles Shah,CA,2025-03-17
1192,Victor Taylor,PA,2025-04-16
1193,Johnathan Davis,PA,2025-04-22
1194,Dana Martinez,IA,2025-04-29
1195,Barbara Dudley,OH,2025-04-29
1196,Veronica Simpson,NY,2025-04-30
1197,Victor Taylor,PA,2025-04-30
1198,Victor Taylor,PA,2025-05-04
1199,Joyce Bowen,NC,2025-05-06
1200,Shannon Rivera,FL,2025-05-06
1201,David Thompson,FL,2025-05-11
1202,Mrs. Kristen Reyes,TX,2025-05-12
1203,Tanner Mitchell DDS,TN,2025-05-12
1204,Scott Thomas,CO,2025-05-18
1205,Timothy Romero,OH,2025-05-19
1206,Laura Haney,PA,2025-05-20
1207,Charles Lester,TX,2025-05-20
1208,Yvonne Chambers,MO,2025-05-20
1209,Yvonne Chambers,MO,2025-05-20
1210,Tammie Bright,NJ,2025-05-20
1211,Brandy Chavez,CA,2025-05-25
1212,Veronica Simpson,MA,2025-05-26
1213,Dana Martinez,CO,2025-05-26
1214,Tammie Bright,NJ,2025-05-27
1215,Andrea Hubbard,AR,2025-05-27
1216,Tanner Mitchell DDS,KY,2025-05-27
1217,Carlos Ryan,AZ,2025-05-27
1218,Jessica Garcia,AL,2025-05-27
1219,Joyce Bowen,SC,2025-06-04
1220,Kevin Walters,CA,2025-06-04
1221,Cynthia Moore,GA,2025-06-05
1222,Cynthia Morris,AZ,2025-06-05
1223,Timothy Romero,VA,2025-06-05
1224,Jordan Bates,ME,2025-06-05
1225,Mrs. Kristen Reyes,MN,2025-06-05
1226,Yvonne Chambers,KS,2025-06-05
1227,Nichole Alvarez,GA,2025-06-05
1228,Veronica Simpson,NY,2025-06-06
1229,Wayne Morgan,OH,2025-06-06
1230,Charles Lester,TX,2025-06-06
1231,Patrick Thornton,TX,2025-06-06
1232,Matthew Moore,FL,2025-06-08
1233,Barbara Dudley,NJ,2025-06-10
1234,Joyce Bowen,SC,2025-06-11
1235,Ariana Jennings,IL,2025-06-11
1236,Dr. Paul Morgan,CA,2025-06-11
1237,Jonathan Lawrence,IL,2025-06-11
1238,Anthony Harmon,ID,2025-06-11
1239,Scott Thomas,TX,2025-06-11
1240,Cynthia Moore,GA,2025-06-12
1241,Kayla Rodriguez,NY,2025-06-12
1242,Timothy Romero,DE,2025-06-12
1243,Yvonne Chambers,MO,2025-06-12
1244,Allison Smith,CA,2025-06-12
1245,Wayne Morgan,NY,2025-06-12
1246,Victor Taylor,PA,2025-06-12
1247,Nichole Alvarez,GA,2025-06-12
1248,Marie Christian,TN,2025-06-13
1249,Anthony Harmon,OK,2025-06-13
1250,John Young,AL,2025-06-13
1251,Wayne Morgan,CT,2025-06-13
1252,Joyce Bowen,TN,2025-06-24
1253,Timothy Romero,IN,2025-06-24
1254,Dawn Summers,WA,2025-06-25
1255,Jessica Garcia,LA,2025-06-25
1256,Brandy Chavez,CA,2025-06-25
1257,Kathleen Moran,NC,2025-06-25
1258,Timothy Romero,IN,2025-06-25
1259,Mrs. Kristen Reyes,WI,2025-06-25
1260,Shannon Rivera,FL,2025-06-26
1261,Yvonne Chambers,NE,2025-06-26
1262,Jordan Bates,NH,2025-06-26
1263,Amanda Jones,TX,2025-06-26
1264,Shannon James,CT,2025-06-26
1265,Charles Shah,CA,2025-06-26
1266,Allison Smith,CA,2025-06-26
1267,Victor Taylor,PA,2025-06-27
1268,Timothy Romero,WV,2025-06-27
1269,Linda Smith,PA,2025-06-27
1270,Kristen Davis,KY,2025-06-27
1271,Barbara Dudley,PA,2025-06-27
1272,Charles Lester,TX,2025-06-27
1273,Veronica Simpson,RI,2025-06-27
1274,Charles Shah,CA,2025-06-27
1275,Tammie Bright,NJ,2025-06-27
1276,Kiara Mcintyre,LA,2025-06-28
1277,Shannon Rivera,FL,2025-06-29
